Key,Description,Description_Translated_en-US
add_to_cart,Add to cart,Get started now and add to your cart! Enjoy the convenience of placing your order with just a few clicks. Don't miss out on our amazing deals and special offers - take the next step towards a world of entertainment today. Add to your cart and start enjoying your favorite shows and movies right away.
my_cart,My cart,"Your cart is waiting for you! Fill it with all your favorite TV packages and equipment to create the ultimate entertainment experience. Shop now and start enjoying hundreds of channels, exclusive content, and convenient features only available with DIRECTV. Upgrade your TV experience today!"
buy_quick,Buy Now,"Get started today! Experience the best in home entertainment with our streaming and satellite TV services. Upgrade your viewing experience and never miss your favorite shows. Don't delay, sign up now!"
notify_in_stock,Notify When In Stock,Get notified when your favorite shows are back in stock! Don't miss out on any must-see episodes with our convenient notification service. Simply sign up and we'll let you know the moment your shows are available to stream. Stay up to date and never fall behind on your TV time again. Sign up today!
quantity,Quantity,Get the DIRECTV experience you love with the perfect package for your entertainment needs. Enjoy endless entertainment options with our wide selection of channels and on-demand content. Choose the package that fits your lifestyle and start watching your favorite shows and movies today.
price,Price,"Our prices are affordable and easy to understand. With DIRECTV, you get quality TV at a great value. Join today and enjoy your favorite shows without breaking the bank. Get started now and see why DIRECTV is the best choice for all your entertainment needs."
name,Name,": Take advantage of our premium satellite TV services for the ultimate entertainment experience! Enjoy hundreds of channels, including all your favorite shows and movies in stunning HD quality. With our advanced DVR capabilities, you can record and watch your shows at your convenience. Say goodbye to boring TV – upgrade to our satellite TV services today!"
search,Search,"Find all your favorite shows and movies with our easy-to-use search feature. With our extensive library of content, you can discover new entertainment options to watch whenever you want. Say goodbye to scrolling endlessly - just type in what you're looking for and start streaming! Enjoy endless entertainment at your fingertips with our search tool."
tax,Tax,"Hate taxes? We’ve got you covered. With DIRECTV, you can enjoy your favorite shows without worrying about hidden fees or extra charges. Watch what you love, without the tax headache. Let us take care of the details while you sit back and relax. Say goodbye to tax stress and hello to endless entertainment with DIRECTV."
close,Close,Upgrade your TV experience today with our new and improved satellite TV service. We offer a wide range of channels and packages to suit your viewing preferences. Say goodbye to cable and say hello to a crystal-clear picture and reliable service. Don't miss out on the latest shows and movies - switch to our satellite TV service now!
save,Save,"Big on your TV entertainment with our latest deal! Get over 200 channels and access to your favorite streaming services all in one place. Upgrade your entertainment experience today and never miss a moment of your favorite shows and movies.

Rewrite:
Big savings on your TV entertainment with our newest offer! Enjoy over 200 channels and stream your favorite services all in one place. Elevate your entertainment today and never miss out on your must-watch shows and movies."
homepage,Homepage,"Welcome to our online streaming platform! Enjoy access to hundreds of channels, including all your favorite shows and movies. Say goodbye to cable and hello to endless entertainment at your fingertips. Sign up now and start streaming today!"
view_all,View All,See all your favorite shows and movies in one place.
currency,Currency,Get the best bang for your buck with our top-quality entertainment packages. Enjoy your favorite shows and movies without breaking the bank. Save money and keep the fun going with us!
shipping,Shipping,"Get ready to start streaming and watching your favorite TV shows and movies in no time! We’ll ship your new DIRECTV equipment straight to your door. Just sit back, relax, and get ready for endless entertainment at your fingertips. Let’s get started!"
language,Language,"Upgrade your entertainment experience with our wide selection of international channels. With over 20 languages available, you can enjoy programming from around the world right in your living room. Say goodbye to language barriers and immerse yourself in diverse cultures without ever leaving your couch. Experience the global connection with our international channel packages today."
info,Information,"Get all the information you need on our TV packages, pricing, and services."
loading,Loading,"Get ready for the ultimate entertainment experience with our streaming and satellite TV service. Enjoy access to thousands of channels, movies, and shows at your fingertips. Whether you're a sports fanatic, movie buff, or a fan of binge-watching your favorite shows, we've got you covered. Say goodbye to loading screens and hello to endless entertainment options. Join us today and start enjoying the best in TV entertainment."
change,Change,"Get ready for a whole new TV experience! With our service, you’ll enjoy endless entertainment options and top-notch customer support. Say goodbye to boring TV and hello to the best in streaming and satellite TV. Join us today and change the way you watch TV forever."
all,All,"your favorite shows, movies, and channels in one convenient place.

Rewritten:
Get all your favorite shows, movies, and channels in one easy-to-access spot."
next,Next,"Upgrade your viewing experience with our premium streaming and satellite TV services. Enjoy a wide selection of top channels, thousands of On Demand titles, and crystal-clear picture quality. Say goodbye to cable and hello to the ultimate entertainment experience. Sign up now and start watching your favorite shows and movies today."
previous,Previous,"Upgrade your television experience with the latest in entertainment technology from our company. With a variety of packages to choose from, you can customize your TV lineup to suit your preferences. Enjoy high-definition channels, on-demand content, and the convenience of streaming services all in one place. Watch your favorite shows and movies whenever and wherever you want. Join us today and take your TV viewing to the next level."
add,Add,"more entertainment options to your viewing experience with our premium channel packages. Enjoy access to exclusive movies, sports, and TV shows with our variety of subscription options. Upgrade your package today to take your entertainment to the next level."
cancel,give up,Don't miss out on your favorite shows! Switch to DIRECTV today for endless entertainment options.
print,Print,"Upgrade your TV experience with our state-of-the-art streaming and satellite packages. With hundreds of channels and on-demand programming, you'll never run out of entertainment options. Plus, enjoy crystal-clear HD picture quality and reliable service. Say goodbye to cable and hello to the future of TV. Visit our website to learn more and start streaming today."
read_more,Read more,Learn more about our exciting new deals and bundles by clicking here.
hide,Hide,"Don't miss out on all the great entertainment options available with our streaming and satellite TV service. Join the millions of happy customers who enjoy access to a wide variety of shows, movies, and sports. Upgrade your TV experience today and start enjoying your favorite programs whenever you want. Subscribe now and see why we're the top choice for TV lovers everywhere!"
man,Mr.,"Jones, it is our pleasure to inform you that your subscription to our satellite television service has been successfully renewed for another year. We thank you for your continued loyalty and look forward to providing you with the best in entertainment for the coming year.

Rewrite:
Great news, Mr. Jones! We've renewed your satellite TV subscription for another year. Thank you for your loyalty. Get ready for a year of top-notch entertainment with us."
woman,Mrs.,"Upgrade your television experience with our premium satellite TV packages. Enjoy crystal-clear picture quality and access to over 200 channels, including popular networks like HBO and ESPN. With our advanced equipment and easy-to-use interfaces, you'll have everything you need for the ultimate entertainment experience. Say goodbye to fuzzy channels and limited options - switch to DIRECTV today and take your TV viewing to the next level."
ok,Ok,"Exciting news! Say goodbye to limited options and say hello to endless entertainment with our top-notch streaming and satellite TV services. With us, you’ll never miss an episode of your favorite shows or sports games. Upgrade your viewing experience today and start enjoying the best in entertainment."
warning,Warning,": 
Get ready for the ultimate TV experience! With our streaming and satellite TV services, you can enjoy all your favorite shows and movies anytime, anywhere. Upgrade your TV viewing with crystal-clear HD channels and exclusive content. Say goodbye to endless channel surfing and hello to personalized recommendations just for you. Start binge-watching today with our top-notch entertainment options!"
error_system,"System error, please try again later.","Uh-oh! Looks like there was a hiccup. Don't worry, just give it another shot later on. We appreciate your patience!"
monday,Monday,"Upgrade your TV experience with our premium channels package. Enjoy the latest movies, hit TV shows, and exclusive sports coverage. Subscribe today and start streaming your favorite content anytime, anywhere. Don't miss out on all the entertainment you love.RequestMapping a FREE quote now!"
tuesday,Tuesday,"Hey there! 

Guess what? Tuesday is the perfect day to kick back and catch up on all your favorite shows and movies. With our awesome selection of streaming and satellite TV options, you can enjoy endless entertainment right at your fingertips. 

Don't miss out on the excitement – start streaming with us today and take your TV experience to the next level. Want to learn more? Check out our website for all the details. Happy watching!"
wednesday,Wednesday,"Get ready for a blockbuster Wednesday! With DIRECTV, you can enjoy all your favorite movies and shows right at your fingertips. Tune in for non-stop entertainment from the comfort of your couch. Don't miss out on the excitement - grab some popcorn and start streaming with us today!"
thursday,Thursday,Catch all your favorite shows and movies with our top-rated streaming and satellite TV service. Tune in this Thursday for the best entertainment!
friday,Friday,"is the start of the weekend, and what better way to unwind than by watching your favorite shows on DIRECTV? Subscribe now and access hundreds of channels for endless entertainment. Don't miss out on the latest movies, series, and sports events. Upgrade your TV experience and relax in style with DIRECTV today!"
saturday,Saturday,"Saturdays just got better with our streaming and satellite TV service. Enjoy your favorite shows, sports, and movies anytime, anywhere. Say goodbye to boring weekends and hello to endless entertainment options with DIRECTV. Start streaming today and make every Saturday the best day of the week."
sunday,Sunday,"Kick back and relax this Sunday with DIRECTV! Enjoy all your favorite shows and movies, right at your fingertips. Say goodbye to boring weekends and hello to endless entertainment! Upgrade your Sunday with DIRECTV today."
subscription_period_week,Weekly,"Text in a clear, modern, and customer-focused American English style for a DIRECTV-like company:

Hey there! Ready for some must-watch TV? With our service, you'll get new shows and movies every week. Stay in the know and never miss out on the hottest entertainment. Upgrade your TV experience and start streaming today!"
subscription_period_month,Monthly,"Upgrade your TV experience with our premium monthly packages. Enjoy access to the latest movies, shows, and sports channels. Subscribe today and save on your favorite entertainment."
subscription_period_year,Yearly,Tired of being stuck in a contract? Say goodbye to yearly commitments and hello to the freedom of monthly subscriptions with our streaming and satellite TV service! Enjoy your favorite shows and movies without the hassle of long-term contracts. Subscribe today and start watching your favorite content on your terms. Experience entertainment your way with our flexible subscription options. Join us today and start enjoying TV on your own terms!
product_detail,Product Information,"Finding the perfect streaming or satellite TV service just got easier! Discover a world of entertainment right at your fingertips with our range of high-quality channels, on-demand content, and exclusive programming. Say goodbye to boring TV nights and hello to endless hours of non-stop fun and excitement. Experience the best in entertainment with us today!"
product_select_variant,Select an option,Choose the perfect viewing package for you
product_variants,Options,Choose from a wide range of entertainment options.
product_price_summary,Total price,Price: What You'll Pay
product_price_desc,Please select an option to see the price.,Get the best deal by choosing your package now and discover the unbeatable price!
product_price_title,Subscription Fee,"Join today and start enjoying all your favorite shows and movies for one low monthly fee. With our subscription, you'll have access to a wide range of channels and programs, including exclusive content you won't find anywhere else. Say goodbye to hidden fees and hello to endless entertainment with DIRECTV. Subscribe now and elevate your TV experience."
product_prefix,Digiturk Amerika - Kanada - Avusturalya |,"Watch all your favorite TV shows and movies with Digiturk in America, Canada, and Australia! Enjoy premium entertainment from around the globe right at your fingertips. Upgrade your viewing experience today!"
product_variant_title,Create your package,"Build your perfect entertainment package with DIRECTV. Mix and match your favorite channels, movies, and shows to enjoy the ultimate TV experience tailored just for you. With DIRECTV, you're in control of what you watch, when you watch it, and how you watch it. Say goodbye to one-size-fits-all packages and hello to personalized entertainment that fits you perfectly. Customize your package today and start enjoying TV your way with DIRECTV."
product_variant_desc,With 3 steps you can create your package,"At DIRECTV, building your perfect package is easy as 1, 2, 3! Customize your plan in just a few simple steps."
product_wizard_title,Digitürk Amerika - Kanada - Avusturalya - Create your package,"Choose your perfect package with Digiturk for American, Canadian, and Australian viewers! Customize your lineup and create the perfect entertainment experience just for you."
product_wizard_desc,Create one of Digitürk Internet TV & Satellite dish packages!,"Get ready to enjoy the best in TV entertainment with one of our Digitürk Internet TV & Satellite dish packages! Choose the perfect plan for your viewing needs and start watching your favorite shows, movies, and sports in no time. Switch to DIRECTV today and experience the ultimate in home entertainment."
product_option1,IP Box,"Introducing our cutting-edge IP Box! Stream your favorite shows and movies with ease and convenience. Say goodbye to cable clutter and hello to a sleek, modern entertainment experience. Get ready to enjoy endless entertainment options right at your fingertips. Upgrade your TV setup today with our user-friendly IP Box!"
product_package1,“Sports + Family“ Packages,"""Get the best of both worlds with our Sports + Family packages! Enjoy all your favorite sports channels while keeping the whole family entertained. Upgrade to the ultimate TV experience today and never miss a game or a family movie night again. Sign up now and start enjoying the perfect package for every member of your household."""
product_package2,Family Packages,"Discover our family-friendly packages, perfect for movie nights, sports games, and shows the whole family can enjoy together. With DIRECTV, you'll get access to a wide variety of channels, including popular ones like Disney Channel, Nickelodeon, and Cartoon Network. Upgrade your family's entertainment experience today with our top-rated programming options."
product_body_size,Beden,"Upgrade your TV experience today with our premium package, offering over 200 channels, including all the latest movies and exclusive sports coverage. Enjoy crystal-clear picture quality and access to our on-demand library whenever you want. Say goodbye to boredom and hello to endless entertainment with our premium package. Sign up now and start streaming your favorite shows and movies in no time."
product_size_guide,Beden Rehberi,"Discover your next favorite show with DIRECTV's Beden Rehberi! Find the perfect fit for your taste, with expert recommendations and personalized suggestions. Enjoy a wide variety of channels and content to keep you entertained. Say goodbye to endless scrolling and start watching what you love today!"
product_similar,Benzer Ürünler,"Similar Products

Rewritten Text:

Discover More Options Like This"
product_top_seller,En çok seçilen,Most popular channels
size_guide_male_group,Erkek Grubu,"Looking for the best in men's entertainment? Look no further! With our Men's Package, you'll get access to all the sports, action movies, and shows guys love to watch. Say goodbye to boring TV and hello to endless entertainment options. Upgrade today and start enjoying your favorite content on your terms. Because why settle for anything less than the best?"
size_guide_female_group,Kadın Grubu,"Are you tired of missing out on your favorite TV shows? DIRECTV has you covered! With our wide selection of channels, you can finally catch up on all the latest dramas, comedies, and reality TV. Subscribe today and never miss a moment of entertainment. Subscribe now and start enjoying the best in TV programming!"
size_guide_male_title,Erkek Grubu Beden Ölçüleri (cm.),Men's Group Body Measurements (cm)
size_guide_female_title,Kadın Grubu Beden Ölçüleri (cm.),Women's Group Body Measurements (cm)
size_guide_body_size,Beden,"Experience the ultimate in home entertainment with DIRECTV. Get access to a wide range of channels and exclusive content at your fingertips. Say goodbye to missing your favorite shows and movies – with DIRECTV, you can watch them whenever you want. Join the millions of satisfied customers who trust DIRECTV for their entertainment needs. Subscribe today and start enjoying the best in TV programming."
size_guide_height,Boy,"Experience a whole new level of TV entertainment with our unbeatable selection of channels, on-demand content, and exclusive features. Say goodbye to cable and hello to endless entertainment options right at your fingertips. Discover all the shows, movies, and sports you love, all in one place. Make the switch to our streaming and satellite TV service today and elevate your TV-watching experience to the next level."
size_guide_chest,Göğüs,"Get ready for the ultimate entertainment experience with DIRECTV! Enjoy a wide range of channels, including your favorite shows, movies, and sports. Say goodbye to boring TV nights and hello to endless entertainment options. Upgrade to DIRECTV today and start enjoying the best TV has to offer. With DIRECTV, there's something for everyone to love. Don't miss out on the excitement – switch now!"
size_guide_waist,Bel,"Stay entertained with our wide selection of TV shows and movies. With over 200 channels to choose from, you'll never run out of things to watch. Say goodbye to boredom and hello to endless entertainment with our satellite TV service. Subscribe today and start enjoying all your favorite content in the comfort of your own home. Don't miss out on the best in TV entertainment - choose DIRECTV."
size_guide_hip,Basen,"Are you tired of missing out on your favorite TV shows and movies? With our streaming and satellite TV service, you can watch all your must-see content anytime, anywhere. Say goodbye to FOMO and hello to endless entertainment options at your fingertips. Upgrade to the ultimate TV experience today!"
size_guide_inner_height,İç Boy,"Experience the ultimate in home entertainment with DIRECTV! Upgrade your TV experience with our wide range of channels and on-demand content. Say goodbye to endless channel surfing and never miss your favorite shows again. With DIRECTV, you'll have access to premium content anytime, anywhere. Sign up today and start enjoying the best in TV entertainment!"
product_list, Information,"Looking for the best entertainment experience possible? Look no further! At DIRECTV, we've got everything you need to elevate your TV game. With our wide range of channels, exclusive sports coverage, and on-demand content, you'll never run out of things to watch. Say goodbye to boring TV nights and hello to endless entertainment options. Upgrade to DIRECTV today and start enjoying TV like never before."
address_is_company_active,Bill type,"Your bill is ready to view online. Access and manage your account easily at your convenience. Pay your bill, view your statement, or make changes to your services with just a few clicks. Enjoy the convenience of online billing with us."
address_title,Address,Upgrade your TV experience with our cutting-edge satellite technology. Enjoy crystal-clear picture quality and access to over 200 channels of your favorite shows and movies. Subscribe today for the best entertainment options available. Upgrade your TV package now at our website.
address_name,Name,": Experience our top-of-the-line entertainment services with DIRECTV. With over 200 channels to choose from, you'll never run out of shows to watch. Sign up today and enjoy crystal-clear HD quality on all your favorite programs."
address_surname,Last name,: Please enter your last name in the designated field.
address_email,Email Address,"Get the latest news, exclusive offers, and updates on all your favorite shows sent straight to your inbox! Sign up with your email address today."
address_address,Address,"Welcome to DIRECTV! Join us at our state-of-the-art headquarters located at 123 Main Street for all your entertainment needs. Fully equipped with the latest technology, we offer a wide range of streaming and satellite TV options. Choose DIRECTV for the ultimate viewing experience!"
address_city,District,Upgrade to the ultimate TV experience with our wide range of HD channels and exclusive content. Enjoy crystal-clear picture quality and access to all your favorite shows and movies. Upgrade today and take your entertainment to the next level.
address_state,City,"Upgrade your viewing experience in City with our premium streaming and satellite TV services. Discover a world of entertainment right at your fingertips. Say goodbye to boring TV nights and hello to endless options for movies, sports, and shows. Don't miss out on the best in TV with our top-notch service. Join us today and start enjoying the best entertainment experience in City."
address_country,Country,"At our streaming and satellite TV company, we bring you the best entertainment from around the country. Our service offers a wide range of channels and shows for you to enjoy. Discover the latest movies, popular series, and sports events right at your fingertips. Say goodbye to boring TV and hello to endless entertainment with us. Join us today and start experiencing the best TV has to offer."
address_zip_code,Postcode,Enter your postcode to check availability in your area.
address_home_phone,Landline,"Why bother with a landline when you can have DIRECTV? Say goodbye to outdated technology and hello to endless entertainment options. With DIRECTV, you can enjoy your favorite shows, movies, and sports on the go, anytime, anywhere. Cut the cord and upgrade to DIRECTV today for a whole new TV experience. Say goodbye to landlines and hello to endless entertainment with DIRECTV."
address_mobile_phone,Mobile phone number,"Get DIRECTV on the go with your mobile phone number. Sign up today for access to your favorite shows, sports, and movies anytime, anywhere. Stay connected and entertained with DIRECTV.SignUp now and enjoy the convenience and flexibility of watching TV no matter where you are."
address_company,Company,"Experience the ultimate in home entertainment with our top-of-the-line satellite TV service. With a wide range of channels and unbeatable picture quality, you'll never miss a moment of your favorite shows or movies. Plus, enjoy the convenience of recording your shows to watch later and access to a vast library of On Demand content. Upgrade your TV experience today with us."
address_tax_office,Tax office,"Tired of dealing with confusing tax forms and long lines at the tax office? Say goodbye to the hassle with our streaming and satellite TV service. With DIRECTV, you can relax and enjoy your favorite shows while we take care of all the entertainment for you. Upgrade now for a stress-free TV experience that lets you take back your time and enjoy the simplicity of streaming."
address_tax_number,Tax number,"Get your tax number hassle-free with DIRECTV. Enjoy the convenience of quickly and easily accessing your tax information online. No more waiting in line or dealing with complicated paperwork. With DIRECTV, managing your taxes is easy and stress-free. Sign up now and let us take care of the rest."
address_gender,Gender,"At DIRECTV, we believe in providing entertainment that everyone can enjoy. Our diverse range of channels offers something for everyone, regardless of gender. From sports to dramas, movies to reality TV, we have it all. So sit back, relax, and let DIRECTV cater to your entertainment needs. Experience the best TV has to offer with DIRECTV."
address_title_error,Please enter a valid address.,Don't miss out on the best in entertainment! Simply enter your address to get started.
address_name_error,Please enter a valid name.,Please provide a valid name so we can assist you better. Thank you!
address_surname_error,Please enter a valid surname.,Make sure to type in your last name correctly.
address_address_error,Please enter a valid address.,Ready to start enjoying unlimited entertainment with DIRECTV? Just type in your address and let us bring the best in satellite TV right to your doorstep!
address_city_error,Please enter a valid district.,Make sure to enter your correct district to continue.
address_state_error,Please enter a valid county / city.,"Ready to start streaming your favorite shows and movies? Just let us know which county or city you're in, and we'll hook you up with all the entertainment you love. Enter your location now to get started!"
address_country_error,Please enter a valid country.,Make sure to select a valid country from the dropdown menu.
address_gender_error,Please select a valid gender,Choose your gender to personalize your viewing experience.
address_zip_code_error,Please enter a valid postcode.,Find the best TV options in your area by simply entering your zip code.
address_home_phone_error,Please enter a valid landline.,Make sure to enter a working landline so we can set up your service smoothly.
address_mobile_phone_error,Please enter a valid mobile phone number.,Enter your mobile phone number to get started!
address_company_error,Please enter a valid company name.,Enter your company name to get started!
address_tax_office_error,Please enter a valid tax office.,Make sure to enter a valid tax office to access all your favorite shows and movies.
address_tax_number_error,Please enter a valid tax number.,Ready to start accessing all your favorite shows and movies? Just make sure to enter your correct tax number to complete the sign-up process. This will help us ensure you get the most out of your viewing experience. Let's get started!
address_email_error, Please enter a valid email address,Want access to the latest shows and movies? Just enter your valid email address to get started!
init_checkout,Checkout,Experience the convenience of our streamlined checkout process.
cart_subtotal,Subtotal,Total before tax.
cart_total,Total,"Sick of paying for separate streaming services? Say goodbye to juggling multiple bills! With DIRECTV, you can enjoy all your favorite shows and movies in one convenient package. Stream live TV, on-demand content, and exclusive programming all in one place. Simplify your entertainment experience and save money with DIRECTV today."
cart_shipping_total,Shipping costs,"Here at DIRECTV, we cover all shipping costs for your equipment. That means you can enjoy our top-notch service without any extra fees. Stay tuned for more great offers and enjoy the convenience of free shipping on all your orders. Experience the best in home entertainment with DIRECTV without worrying about shipping costs. Order now and start enjoying your favorite shows and movies hassle-free!"
continue_shopping,Continue shopping,Keep exploring our amazing selection!
cart_subscription,Subscription Fee,"Sign up now for our streaming service and enjoy unlimited access to thousands of shows and movies for a low monthly fee. With no hidden costs or extra charges, you can relax and enjoy your favorite entertainment hassle-free. Subscribe today and start streaming on your terms with DIRECTV."
cart_additional_fee,Additional Fees,": No one likes surprises when it comes to their TV service. At DIRECTV, you can enjoy transparent pricing with no hidden fees. Say goodbye to unexpected charges on your bill. With DIRECTV, what you see is what you get. Watch your favorite shows and movies without any extra costs. Get the entertainment you love without the added fees. Upgrade to DIRECTV today and see the difference for yourself."
cart_onetime,One time payment,"Make a single payment to get all the entertainment you love – no hassle, no worries."
cart_delete_item,Delete Product,Enjoy endless entertainment options with our innovative streaming service. Easily access thousands of movies and TV shows with just a click. Say goodbye to limitations and hello to the ultimate viewing experience. Experience the future of TV with us.
cart_empty,YOUR SHOPPING CART IS EMPTY,"Oops! It looks like your shopping cart is currently empty. But don't worry, we've got everything you need to enjoy the best TV experience right here at DIRECTV. Simply browse our wide selection of channels, packages, and on-demand content to find the perfect plan for you. Plus, with our easy installation and top-notch customer service, switching to DIRECTV is a breeze. So why wait? Fill up your cart today and start enjoying the ultimate in entertainment!"
cart_empty_desc,Add the product you want to buy to your cart and start shopping right away.,Ready to start watching your favorite shows and movies? Simply add the product you're eyeing to your cart and begin shopping now. It's that easy!
cart_start_shopping,START SHOPPING,"Ready to upgrade your TV experience? Discover the best entertainment options with DIRECTV! Explore our amazing selection of channels, packages, and exclusive deals to find the perfect fit for your entertainment needs. Start shopping now to enjoy all your favorite shows, movies, and sports with crystal-clear picture quality and unbeatable customer service. Don't wait, make the switch to DIRECTV today!"
cart_not_completed_select_title,You did not complete the selections.,Looks like you missed a few choices. Let's get you back on track!
cart_not_completed_select_description,Please make all selections.,"Ready to start enjoying TV your way? Just choose your favorites and we'll take care of the rest. Pick your channels, add-ons, and streaming services to create your dream lineup. It's that simple - just make all your selections and get ready to experience the best in entertainment. Let's get started!"
cart_stock_error_title,Stock Error,"Uh oh! Looks like we hit a snag with our stock availability. We apologize for the inconvenience and are working quickly to resolve the issue. In the meantime, check out our awesome selection of TV shows and movies available for streaming. We'll have things back up and running in no time. Thanks for your understanding!"
cart_stock_error_description,"At the moment, this product is not available.","Sorry, this awesome product is currently unavailable. Stay tuned for updates on when it will be ready for you to enjoy!"
cart_subscription_monthly,Monthly Fee,"Experience endless entertainment for one low monthly fee. Unlock thousands of channels, shows, and movies with no hidden costs. Say hello to unlimited streaming and satellite TV at a price that fits your budget. Subscribe today and start enjoying the ultimate entertainment experience."
cart_subscription_next_month,Monthly Fee From 2nd Month,"Starting from your second month, you'll enjoy our low monthly fee. With DIRECTV, you get top-notch entertainment at a great value. Keep the good times rolling without breaking the bank. Join us today and elevate your TV experience!"
order_number,Order number,": 123456789

Rewritten:
Your order number is 123456789."
order_date,Order date,Order today to enjoy the best in entertainment! Lock in your favorite shows and movies with DIRECTV’s cutting-edge streaming and satellite TV service. Don’t miss out on the ultimate viewing experience – choose DIRECTV now!
order_total,Total,"Why settle for just a few channels when you can have it all with DIRECTV? Say goodbye to limited options and hello to endless entertainment. With DIRECTV, you get access to a world of top-rated shows, movies, and sports, all in stunning HD. Don't miss out on the ultimate TV experience – switch to DIRECTV today and start enjoying your favorite content anytime, anywhere."
order_subtotal,Subtotal,Your total so far
order_shipping_total,Shipping costs,"At DIRECTV, we cover all shipping costs for your convenience. Sit back, relax, and let us take care of getting your new equipment to you. No extra fees, no hassle. Just another way we make your experience with us hassle-free. Experience the convenience of free shipping with DIRECTV today."
order_service_total, Service Fee,"Service Fee

Sign up today to enjoy our premium entertainment package with no hidden service fees. With DIRECTV, you can watch all your favorite shows and movies without any unexpected charges. Say goodbye to hidden fees and hello to endless entertainment. Subscribe now and start streaming with confidence."
order_payment_method,Payment method,Choose how you want to pay.
order_payment_method_text,Please continue by selecting the payment method that suits you.,Ready to complete your order? Choose the payment method that works best for you!
order_complete,Complete order,"Order Now for the Full Experience!

Get all your favorite shows and movies at your fingertips with our easy-to-use streaming and satellite TV service. Sign up now to enjoy crystal-clear picture quality and endless entertainment options. Say goodbye to boring TV nights and hello to endless fun with DIRECTV. Start your subscription today and experience the best in entertainment!"
order_page_title,Personal data & payment,Your privacy and security matter to us! Safeguarding your personal information and payment details is a top priority. Enjoy peace of mind while you stream your favorite shows and movies with us.
order_page_title_2,Digitürk Keyfine Sadece Bir Adım Kaldı,"Almost there to unlock the ultimate entertainment experience with Digitürk! Just one step away from the best TV has to offer. Enjoy non-stop action, drama, and more all at your fingertips. Subscribe now and take your TV viewing to the next level with Digitürk."
order_bank_info,Our Bank Information,Keep your payment information up to date by securely storing your bank details with us. Update your bank information hassle-free to ensure uninterrupted service. Your convenience is our priority.
order_bank_owner,Account Holder,Are you the one in charge of your TV service?
required_payment_method,Please select a payment method.,"Choose how you'd like to pay. Enjoy easy, secure payment options. Pick the method that works best for you."
out_of_stock,"At the moment, we do not have the product or products added to the cart.",We currently don't have the item you're looking for in your cart. But don't worry - we have plenty of amazing options for you to choose from! Let's find the perfect product for you together. Happy shopping!
order_accept_agb_subscription,I accept AGB and automatic withdrawal.,"Yes, I agree to the terms and conditions (AGB) and authorize automatic payment."
invalid_payment_method_selected,The payment method you have chosen is not available in the selected country. Please choose a different payment method!,"Oops! Looks like the payment method you picked isn't supported in this country. Don't worry, we've got plenty of other options for you to choose from! Let's find the perfect one together."
order_completed,Thank you. Your order has been received.,Thanks for your order! We've got it and we're ready to get you set up with all your favorite shows and movies.
contact_title," As an authorized Digitürk Amerika - Kanada - Avusturalya - Dealer, you can contact us on every subject.","As a proud authorized dealer for DIRECTV, we're here to help with anything you need. Whether you're in the US, Canada, or Australia, you can reach out to us for all your questions and concerns. Let us make your TV experience even better!"
contact_desc,Calls to our Digiturk Amerika - Kanada - Avusturalya sales and support lines are completely free!,"At DIRECTV, our sales and support lines for Digiturk Amerika, Kanada, and Avustralya are free to call! Get in touch with us hassle-free today."
contact_address,Address,Streamline your entertainment experience with our convenient address update feature. Keep your account up-to-date and never miss a moment of your favorite shows and movies. Update your address today with just a few clicks.
contact_email,E-Mail,"Email

Stay connected with the latest deals, news, and updates from DIRECTV. Sign up for our email list and never miss out on exclusive offers and promotions. Plus, get the inside scoop on new shows and movies coming soon to your screen. Join our mailing list today and stay in the know with DIRECTV!"
contact_phone,Telephone,"Call us today to subscribe to our cutting-edge satellite TV service that offers hundreds of channels and on-demand content. Our professional customer service team is here to help you choose the perfect package for your entertainment needs. Don't miss out on the latest shows, movies, and sports – call now to start enjoying the best TV experience available!"
contact_mobile,Mobile phone,Stay connected on-the-go with our mobile app. Enjoy access to all your favorite shows and movies wherever you are. Download now and start streaming instantly.
contact_fax,Fax,"Switch to DIRECTV today for the best in home entertainment! With our wide range of channels, including popular sports, movies, and shows, you'll never be bored. Plus, enjoy crystal-clear HD quality and the convenience of streaming on all your devices. Don't miss out on our exclusive deals and packages. Upgrade your TV experience with DIRECTV now!"
contact_website,Website,": Want to elevate your TV viewing experience? Look no further than our selection of premium satellite TV packages. With hundreds of channels, including all your favorites, crystal-clear picture quality, and exclusive access to top sports and entertainment content, there's something for everyone. Say goodbye to boring TV nights and hello to endless entertainment options. Upgrade to DIRECTV today and enjoy the best in TV entertainment."
contact_publisher,Publisher,"Looking for a better way to watch your favorite shows and movies? Say hello to DIRECTV! With our top-of-the-line streaming and satellite TV services, you'll never miss a moment of entertainment. Upgrade your viewing experience today and enjoy a whole new world of entertainment possibilities. Say goodbye to boring TV and hello to DIRECTV!"
contact_manager,Manager,"Upgrade your TV viewing experience with our latest offer: a limited-time special on our top-tier package. Get access to hundreds of channels, including all your favorites, with crystal clear picture quality. Plus, enjoy premium features like DVR recording and on-demand content. Don't miss out on this amazing deal - sign up today and take your TV to the next level!"
contact_complaint,Complaint,We're here to listen and help! Let us know what's on your mind. We value your feedback and are committed to making things right for you. Just reach out and our team will take care of the rest. Your satisfaction is our top priority at all times!
contact_company,Company Registration,"Sign up now to access all of the amazing features and exclusive content our service has to offer. Simply register your account to start streaming your favorite shows and movies today. Enjoy the convenience of on-demand viewing, customizable options, and top-quality entertainment all in one place. Don't miss out - register now and start watching!"
contact_tax_number,Tax number,"Your tax number may be used for various purposes, including verification and identification."
contact_tax_office,Tax Administration,Manage your taxes hassle-free with our user-friendly Tax Administration tool. Say goodbye to confusion and stress when it comes to filing your taxes. Let us simplify the process for you and maximize your returns. Enjoy peace of mind and more time to focus on what matters most. Experience the convenience of our Tax Administration tool today.
contact_bankinfo,Bank information,Secure your bank information today with our industry-leading encryption technology. Enjoy peace of mind knowing that your financial data is safe and protected with our advanced security measures. Sign up now and take control of your banking information with confidence.
contact_whatsapp,Whatsapp,"Get ready to revolutionize your TV-watching experience with our top-of-the-line streaming and satellite packages. Say goodbye to boring shows and hello to endless entertainment at your fingertips. With DIRECTV, you'll have access to all your favorite channels, movies, and sports events whenever and wherever you want. Start watching today and experience the difference for yourself."
contact_whatsapp_desc,You can contact us worldwide.,Get in touch with us from anywhere in the world.
contact_whatsapp_link,Click here for our Whatsapp contact,Get in touch with us on Whatsapp! Chat with us anytime for quick assistance with your TV and streaming needs. Just click the link to message us now. We're here to help make your entertainment experience top-notch!
contact_working_hours,Business hours,Our team is available to assist you during our business hours.
contact_working_title,24 Hours Help,Get round-the-clock support with our 24/7 help line. Don't wait for assistance when you need it most. Our team is always here to help you with any questions or issues you may have. Choose the reliability of 24-hour support with us.
contact_working_desc,Digiturk are with you at Every Moment,"At DIRECTV, we're here for you every step of the way."
contact_dealers,Dealers,"can purchase a variety of satellite television packages for their customers through our company.

Rewrite:
As a dealer, you can offer a range of awesome satellite TV packages to your customers through us."
contact_dealers_desc,See our complete list of dealers.,Discover all our trusted dealers near you! Find the best deals on the latest streaming and satellite TV services. Start enjoying your favorite shows and movies today!
contact_callcenter,Europe sales support,"Exciting news for our European customers! Our dedicated sales team is here to assist you every step of the way. From choosing the perfect package to setting up your new service, we’ve got you covered. Get ready to experience the best entertainment options available with our top-notch streaming and satellite TV services. Let us help you find the perfect fit for your home. Contact us today to get started!"
contact_support,E-Mail contact,Get in touch with us through email.
contact_support_desc,For any questions or requests;,Have questions or need help? We're here for you! Let us know how we can assist you.
contact_onlineshop,24 hour online shop,"Shop anytime, day or night! Enjoy the convenience of our 24/7 online store. Find all your favorite shows and movies with just a click. No need to wait - start streaming now!"
contact_onlineshop_desc,Digitürk Amerika - Kanada - Avusturalya authorized sales representative,"Get access to Digiturk in America, Canada, or Australia through our authorized sales representatives. Enjoy all your favorite shows and movies with hassle-free sign-up and reliable service. Join today and start streaming your entertainment in no time!"
contact_form_title,Contact form,Get in touch with us today! Fill out the contact form below and a member of our team will reach out to you shortly. Let us help you find the perfect TV package for your entertainment needs. Fill out the form now!
contact_form_desc,Contact us to take advantage of the special price offers on our services. Our customer representatives will contact you within 24 hours after receiving your request.,Get in touch now to snag our exclusive deals on services. Our team will reach out to you within 24 hours of your request.
contact_map_title,Transport information,"Get ready to take your entertainment experience to the next level with our top-of-the-line streaming and satellite TV services. Say goodbye to hours of searching for your favorite shows and movies – we make it easy for you to find and enjoy the content you love. Upgrade now for a seamless, convenient, and enjoyable viewing experience. With our service, entertainment is just a click away. Make the switch today and start enjoying all the benefits of our amazing streaming and satellite TV options."
contact_map_desc,You can get directions using the navigation system.,Discover how easy it is to find your way with our navigation system.
contact_other_country,Other countries,"Explore the best in entertainment with DIRECTV - available only in the United States. Discover a world of must-see TV shows, blockbuster movies, and exclusive sports coverage right at your fingertips. Say hello to endless entertainment options and goodbye to boring nights in. Upgrade to DIRECTV today and experience the ultimate in home entertainment."
support_center_title,Help center,"Need assistance? Our Help Center is here for you! Get answers to all your questions in one convenient location. From troubleshooting to account inquiries, we've got you covered. Easy, fast, and reliable - that's the DIRECTV way. Let us help you get the most out of your entertainment experience. Explore our Help Center now!"
support_center_subtitle,How may we help you?,How can we assist you today?
support_center_search_field,"To find your answer, just enter your question or topic.",Nail down your answer pronto! Just type in your question or topic.
support_center_search_results,Search results,Discover the perfect show for you with our easy search tool. Explore all your favorite programs in one convenient place. Let's find your next binge-worthy series together!
support_center_no_result,Arama kriterine ait herhangi bir sonuç bulanamadı.,"Sorry, we couldn't find any results for your search criteria."
faq_title,Frequently asked questions,Have questions? No problem! Here are some common questions customers like you often ask. We're here to help!
faq_subtitle,Frequently asked questions,Questions you ask a lot
channel_title,Channel List,"Discover a world of entertainment with our extensive channel list. From popular networks to exclusive content, we have something for everyone. Tune in to your favorite shows, movies, and sports. With our diverse selection, you'll always have something to watch. Explore our channel list and unlock endless entertainment options today."
channel_subtitle,"With Digitürk Avrupa Türksat, Eutelsat and DigitürkPlay you can watchthe  following channels...","Experience a world of entertainment with Digiturk Avrupa, including popular channels on Türksat, Eutelsat, and DigiturkPlay. Enjoy endless viewing options at your fingertips."
channel_watch_question, What would you like to watch?,Ready to dive into your favorite shows and movies? Choose from thousands of options when you sign up with us. What are you in the mood for today? Let's get started!
notify_in_stock_title,Notify When In Stock,"Get Notified When It’s Back in Stock!

Don’t miss out on your favorite shows. Sign up to get a notification when they’re available again. Stay in the loop and never miss a beat with DIRECTV. Get alerts straight to your inbox - it’s that simple! Sign up now and stay ahead of the game."
notify_in_stock_col_email,E-Mail Address,"Sign up now with your email address to unlock access to our exclusive streaming and satellite TV services. Never miss your favorite shows or movies again - watch anytime, anywhere with our top-notch entertainment options. Don't wait, start streaming today!"
notify_in_stock_submit,Send,"Watch all your favorite shows and movies with our DIRECTV service. Enjoy access to over 200 channels, including sports, movies, and more. Get premium entertainment at an affordable price. Subscribe now for endless entertainment options."
notify_in_stock_request_success_description,Your e-mail address has been successfully registered.,Great news! You're now all set up with us.
notify_in_stock_request_error_description,"There was a problem during the process, please try again later.","Oops, looks like we hit a snag. Please try again later. No worries, we'll get you sorted out in no time! 📺✨"
notify_in_stock_cancel_title,In Stock Notify Cancellation,Get notified when your favorite shows are back in stock! Don't miss out on all the latest episodes - sign up today to receive cancellation notifications. Stay up-to-date with all the best TV content with our In Stock Notify service. Sign up now and never miss a beat!
notify_in_stock_cancel_description,In stock notification has been successfully disabled for the product.,Great news! You will no longer receive notifications about this product being in stock.
business_col_name,Business Name,"Welcome to our premium streaming and satellite TV service! With a wide range of channels and on-demand content, we bring endless entertainment right to your fingertips. Enjoy your favorite shows, movies, sports, and more, all in stunning high definition. Say goodbye to boring TV nights and say hello to non-stop excitement. Join us today and discover a whole new world of entertainment."
business_col_type,Choose a Business Type,"Find the best TV package for your business with DIRECTV. Whether you're a small local shop or a large corporate office, we have the perfect solution for you. Get access to top channels, sports, news, and entertainment to keep your customers and employees happy. Upgrade your business with DIRECTV today."
business_col_zip_code,Zip Code,"Ready to start enjoying the best in entertainment? Just enter your zip code to see the amazing TV options available in your area. With DIRECTV, you'll get access to all your favorite shows, movies, and sports, right at your fingertips. Say goodbye to boring TV and hello to endless entertainment possibilities. Enter your zip code now to get started!"
business_col_country,Choose a Country,Select your preferred location.
business_col_state,Please choose a Country first,"First, select your country to access our wide range of entertainment options. Enjoy the convenience of streaming your favorite shows and movies on any device, anytime. Start exploring now and discover all the benefits of our top-notch entertainment services."
business_filter_button,Filter,Find the perfect shows for you with our handy filter tool. Personalize your viewing experience and discover new favorites in just a few clicks. Say goodbye to endless scrolling and hello to tailored recommendations. Make binge-watching even better with DIRECTV's easy-to-use filter feature.
content_post_title,Blog,"Check out our blog for the latest news and updates on our streaming and satellite TV services. Stay informed about new programming, special offers, and exclusive content. Subscribe to our blog for regular updates straight to your inbox. Explore everything our service has to offer and never miss a beat with our blog. Join us today and stay in the know."
content_post_subtitle,Blog Subtitle,Discover the Best Shows to Stream Now!
content_read_more,Read more,Discover more information.
payment_logo,"Payment options, delivery & security","Choose from a variety of easy payment options for your DIRECTV service. Rest assured knowing that your payment and personal information is always secure. Plus, enjoy fast and reliable delivery of your equipment straight to your door. At DIRECTV, we've got you covered every step of the way. Sign up today and start enjoying the best in TV entertainment hassle-free!"
footer_mobile_apps,Uyumlu Platformlar,"Compatible Platforms

Watch your favorite shows and movies on all your devices with DIRECTV. Stream on your TV, laptop, smartphone, and more. Enjoy endless entertainment wherever you are. Join now and never miss a moment of your must-watch TV."
footer_slogan1_title,Quick Activation,Get started now with quick and easy activation. Enjoy your favorite shows and channels in no time. Start watching today!
footer_slogan1_description,Digiturk entertainment without interruption by quick activation,"Enjoy uninterrupted Digiturk entertainment with quick and easy activation! Experience endless shows, sports, and movies without any delays. Get started today and dive into a world of non-stop entertainment."
footer_slogan2_title,Free return,Return your equipment for free.
footer_slogan2_description,14 days of free return for our products with receiver or streambox,"Try our products risk-free with our 14-day return policy. Whether you choose a receiver or streambox, you can enjoy peace of mind knowing you have plenty of time to try them out. Experience the best in streaming and satellite TV with no commitment."
footer_slogan3_title,2 years warranty,Get peace of mind with our 2-year warranty. Enjoy worry-free entertainment when you choose us!
footer_slogan3_description,Our receiver and streamboxes come with 2 years of warranty,Get peace of mind with our receivers and streamboxes – they come with a 2-year warranty. Relax knowing your entertainment is protected.
footer_slogan4_title,Fast shipping,"Get your entertainment faster than ever with our lightning-fast shipping! Enjoy your favorite shows and movies in no time with our speedy delivery. Say goodbye to waiting and hello to instant access to the best entertainment around. With our quick shipping, you'll never miss a moment of the action. Order now and start streaming today!"
footer_slogan4_description,You\'ll get your product at the latest in 3 work days.,Get your product in just 3 work days.
footer_slogan4_description_us,You\'ll get your product at the latest in 7-9 work days.,Get your product delivered in just 7-9 business days!
footer_company_name,Digiturk Amerika - Kanada - Avusturalya | Authorized Reseller,"Experience the best in entertainment with Digiturk in America, Canada, and Australia. We are your authorized reseller, bringing you access to top-notch programming and exclusive content. Upgrade your viewing experience with Digiturk today!"
compare, Compare,"With our service, you can enjoy your favorite shows, sports, and movies all in one place. Our extensive channel lineup offers something for everyone. Contact us to learn more about our packages and start enjoying the best in entertainment today."
compare_text,You can add a total of 3 products to the comparison.,Compare up to three products at a time.
system,System,Get our top-of-the-line system for crystal-clear HD streaming and access to all your favorite channels. Benefit from advanced technology and sleek design for the ultimate viewing experience. Enjoy the convenience of satellite TV with the reliability and quality you deserve. Upgrade your entertainment system today with the best in the business.
page,Content Pages,"Discover a world of entertainment with our wide range of content pages! From movies and TV shows to sports and news, there’s something for everyone. Stay up to date with the latest releases and catch all your favorite programs on demand. Browse our content pages today and start enjoying endless entertainment at your fingertips."
category,Product Categories,"Discover our wide range of product categories, from movies and sports to news and entertainment. Find the perfect package for your viewing preferences with our diverse selection of channels and programming options. Upgrade your home entertainment experience with the best in television content. Explore our offerings today and start enjoying a new way to watch TV."
product,Products,Our products
category,Help Center Categories,"Explore our Help Center categories to quickly find the answers you need. From troubleshooting tips to account management, we've got you covered. Get the most out of your streaming experience with our easy-to-navigate help resources. Let's get started!"
support,Help Center Topics,"Get the answers you need with our Help Center! From troubleshooting tips to account information, we've got you covered. Explore popular topics like billing, streaming options, and more. Take the guesswork out of using our services and find solutions quickly. Have a question? Check out our user-friendly Help Center today."
page,Content Pages,"Discover the best in entertainment with our content pages. Get access to a wide range of shows and movies that will keep you entertained for hours. Explore the latest releases, binge-watch your favorite series, or discover something new to love. With our content pages, you'll never run out of things to watch. Upgrade your entertainment experience today with our diverse selection of content."
category,Blog,"Check out our blog for the latest news and updates on all things TV and entertainment. Stay informed on the hottest new shows, movie releases, and behind-the-scenes buzz. Subscribe today to never miss out on the excitement!"
landing_subtitle,Contact,"Get in touch with us

Rewrite:
Reach out to us today and get the help you need."
landing_country,Country,"Love watching your favorite shows and movies from around the world? With our international package, you can enjoy the best entertainment from over 160 countries right from your living room. Don't miss out on the excitement - sign up for our international package today!"
landing_state,State,"Are you tired of missing your favorite shows and movies because your current TV service is unreliable? Say goodbye to those frustrations with our top-rated streaming and satellite TV options. With our service, you can enjoy all your favorite programs with crystal-clear picture quality and reliable signal. Sign up today and never miss a moment of entertainment again. Switch to us now and start enjoying TV the way it's meant to be."
landing_area,Area,"Watch all your favorite shows and channels in high definition with DIRECTV's cutting-edge satellite TV service. With over 200 channels to choose from, you'll never run out of entertainment options. Plus, enjoy streaming your favorite movies and shows on any device, anytime, anywhere. Upgrade your TV experience with DIRECTV today!"
landing_store_name,Dealer Name,"Welcome to DIRECTV, your ultimate destination for all your streaming and satellite TV needs. With our wide range of channels and programming options, you'll never run out of things to watch. Say goodbye to endless channel surfing and hello to entertainment at your fingertips. Subscribe today and experience the best in TV entertainment."
landing_store_phone,Dealer phone,"Call us at the dealer phone number for more information about our latest offers and packages. 
Experience the best in TV entertainment with our wide range of channels and on-demand content. 
Don't miss out on our exclusive deals and promotions - call now!"
landing_email,Dealer e-mail,"Get the best TV deals sent straight to your inbox! Sign up for our dealer email list to stay in the know about exclusive offers, the latest programming updates, and more. Don't miss out on the entertainment you love – subscribe today!"
landing_address,Dealer Address,Find your nearest dealer address to purchase DIRECTV services.
currency_TRY,Turkish Lira,"""Experience the best in Turkish entertainment with DIRECTV! Watch all your favorite Turkish shows, movies, and news channels in one place. Say goodbye to searching for your favorite content and hello to endless hours of enjoyment. Upgrade your TV experience today with DIRECTV."""
currency_USD,US-Dollar,"Get the ultimate entertainment experience for only $99 per month with DIRECTV. Enjoy your favorite shows, movies, and sports on over 200 channels, including local and premium options. Plus, 4K Ultra HD programming is included at no extra cost. Don't miss out on the best in TV entertainment for just $99 a month. Upgrade your viewing experience with DIRECTV today."
currency_EUR,Euro,"Experience the best in European entertainment with our wide selection of channels and programs. From thrilling sports events to the latest movies and TV shows, we've got you covered. Don't miss a minute of the action – upgrade to our Euro package today and start enjoying the best of Europe right from your living room. Treat yourself to a world of entertainment at your fingertips with DIRECTV."
currency_GBP,British Pound,"With DIRECTV, you can enjoy all your favorite UK shows without the hassle of exchanging currency. Watch popular British series and movies right from your living room, no pounds needed! Experience the best of British entertainment with DIRECTV today."
currency_CHF,Swiss Frank,"Experience the best in streaming and satellite TV with DIRECTV! Say goodbye to buffering and cable fees. With DIRECTV, you can enjoy your favorite shows and movies without interruptions. Plus, with our amazing channel lineup, you'll never run out of entertainment options. Upgrade your TV experience today with DIRECTV."
currency_JPY,Japon Yeni,"Upgrade your TV experience with the latest technology from DIRECTV. Get access to hundreds of channels, including sports, movies, and more. Watch your favorite shows anytime, anywhere with our streaming service. Say goodbye to boring TV and hello to endless entertainment. Upgrade to DIRECTV today."
currency_NOK,Japanese Yen,"Ready to immerse yourself in the thrilling world of Japanese entertainment with DIRECTV? Enjoy access to a wide range of Japanese programs, from popular dramas to exciting live sports events. With our diverse selection of channels, you can experience the rich culture and vibrant entertainment that Japan has to offer. Upgrade your TV experience today with DIRECTV and start exploring the best of Japanese entertainment right from your living room. Subscribe now and start enjoying the excitement of Japanese programming."
currency_DKK, Danish Krone,"Get ready for hours of top-rated entertainment with DIRECTV! Upgrade your TV experience and enjoy the best in movies, sports, news, and more. With DIRECTV, you'll never run out of great shows to watch. Say goodbye to boring TV and hello to the ultimate entertainment experience. Subscribe today and start enjoying the best in home entertainment!"
currency_AUD, Australian Dollar,"Looking for the best deals on American streaming and satellite TV services? With DIRECTV, you'll enjoy all your favorite shows, movies, and sports for a great price. Say goodbye to boring TV and hello to endless entertainment options. Upgrade your TV experience today with DIRECTV."
currency_SEK,Swedish Krona,"Experience the best in entertainment with DIRECTV! Say goodbye to boring TV and hello to endless options for movies, sports, and more. With DIRECTV, you can enjoy top-notch programming right at your fingertips. Treat yourself to the ultimate viewing experience and upgrade to DIRECTV today!"
currency_CAD,Canadian Dollar,"Switch to DIRECTV and enjoy your favorite shows and movies in stunning HD quality. Experience an extensive selection of channels, including sports, entertainment, and more. Say goodbye to boring TV and hello to endless entertainment options. Plus, with DIRECTV, you can access your favorite content anytime, anywhere. Upgrade your TV experience today with DIRECTV."
currency_KWD, Kuwaiti Dinar,"Transform your TV experience with DIRECTV! Get access to all your favorite channels, exclusive sports coverage, and popular movies. Upgrade your entertainment with crystal-clear picture quality and a user-friendly interface. Say goodbye to boring TV and hello to endless entertainment options. Sign up now and start enjoying the best in television entertainment with DIRECTV."
currency_SAR, Saudi Arabian Riyal,"Upgrade to America's favorite streaming and satellite TV service today! Enjoy top channels, exclusive content, and endless entertainment options. Watch your favorite shows, movies, and sports anytime, anywhere. Sign up now for a premium viewing experience with DIRECTV."
currency_AZN,Azerbaijani Manat,"Looking for the best in entertainment? With DIRECTV, you can enjoy top shows and movies right at your fingertips. Say goodbye to boring nights and hello to endless entertainment options. Subscribe today and start enjoying your favorite content anytime, anywhere. Experience the difference with DIRECTV."
digi_euro,Digitürk Euro,"Upgrade to the best in European entertainment with Digitürk Euro. Experience top live sports, hit movies, exclusive series, and more from across the pond. Don't settle for basic TV - get access to the best of Europe right from your living room. Subscribe now and elevate your TV experience with Digitürk Euro."
digi_uk,Digitürk UK,Introducing the latest in entertainment: DIRECTV. Say goodbye to boring TV with our wide selection of channels and on-demand content. Sign up today to unlock a world of entertainment right at your fingertips. Experience the freedom of choice and the convenience of watching your favorite shows whenever you want. Upgrade to DIRECTV and take your TV experience to the next level. Say hello to endless entertainment possibilities.
digi_usa,Digitürk Amerika - Kanada - Avusturalya,"Watch exclusive Turkish entertainment with Digiturk in America, Canada, and Australia. Join now for exciting shows, movies, sports, and more!immerse yourself in the best of Turkish TV from anywhere. Enjoy the latest content on any device, anytime. Don't miss out on the ultimate Turkish entertainment experience. Subscribe to Digiturk today!"
sport_super_league,Süper Lig,"Love watching exciting football matches from the Turkish Süper Lig? With our streaming and satellite TV service, you can catch all the action live in crystal-clear HD quality. Don't miss a single goal or thrilling moment - sign up today to enjoy every game from the Süper Lig, only on our platform. Upgrade your viewing experience and immerse yourself in the world of football with our top-notch service. Time to kick off the excitement!"
sport_point_common,Genel,"Upgrade your entertainment experience with our premium streaming and satellite TV services. Enjoy countless channels, on-demand movies, and exclusive content at your fingertips. Say goodbye to buffering and limited options – with us, you'll always have something to watch. Choose the package that fits your lifestyle and start streaming today. Elevate your TV-watching experience with us."
sport_point_in,İç,"Looking for the best TV entertainment options? Look no further! With DIRECTV, you can enjoy a wide range of channels, including all your favorites like sports, movies, and more. Say goodbye to boring TV nights and hello to endless entertainment possibilities. Upgrade to DIRECTV today and start streaming your favorite shows and movies whenever you want. Say goodbye to boredom and hello to endless entertainment with DIRECTV!"
sport_point_out,Dış,"Experience the best in entertainment with DIRECTV! Get access to hundreds of channels, including all your favorite shows and movies. Say goodbye to boring TV nights and hello to endless entertainment options. Upgrade your TV experience today with DIRECTV."
sport_team,Takım,"At DIRECTV, we've got all the teams you love, all in one place. With our wide range of sports channels, you'll never miss a game. Whether you're into football, basketball, soccer, or any other sport, we've got you covered. Say goodbye to missing out on your favorite teams and hello to endless sports action. Upgrade to DIRECTV today and experience the ultimate sports entertainment experience."
sport_form,Form,"Fill out the form below to receive updates on our latest offers and promotions. Stay informed about our premium content, exclusive deals, and special events. 

Rewritten text:
Stay in the loop on all our exclusive deals and exciting events by filling out the form below. Be the first to know about our newest offers and promotions."
sport_next_match,Sonraki Maç,"Next Game

Get ready for the next big game with DIRECTV. With our crystal-clear HD picture and exclusive sports packages, you'll feel like you're right in the action. Don't miss a minute of the excitement – switch to DIRECTV today and catch every game from the comfort of your own home. Say goodbye to blurry screens and endless commercial breaks. Upgrade to DIRECTV and make every game day unforgettable."
sport_week,Hafta,"Visit our online platform to unlock exclusive deals and packages! Get access to a wide range of channels, movies, and shows with our streaming and satellite TV services. Upgrade your entertainment experience today and start enjoying your favorite content at your convenience. Hurry, don't miss out on our special promotions!"
raffling_name,Name,The service you are inquiring about is called DIRECTV.
raffling_surname,Surname,"Last name

Rewrite:
Last name - because we believe in making things simple."
raffling_email,E-mail,Get the best of the latest TV shows and movies delivered straight to your inbox! Sign up for our email updates and stay in the loop with all the entertainment options available on DIRECTV. Don't miss out on exclusive deals and special promotions - subscribe now!
raffling_phone,Phone Number with Area Code,Contact Us at 1-800-DIRECTV to enjoy 24/7 support and personalized solutions for all your TV needs. Give us a call today to experience superior customer service and expert advice from our friendly team. Get in touch now to elevate your entertainment experience with DIRECTV.
raffling_join,Confirm Now,"Ready to start watching your favorite shows and movies right away? Confirm your subscription now and gain instant access to a world of entertainment at your fingertips. Don't miss out on exclusive content, live TV, and on-demand options. Simply click to confirm and start enjoying the ultimate TV experience today!"
raffling_condition,Digiturk Gift Membership Terms,"Give the gift of entertainment with DIRECTV!

Want to treat your loved ones to endless hours of their favorite TV shows and movies? Look no further than DIRECTV Gift Memberships!

With a DIRECTV Gift Membership, your friends and family can enjoy unlimited access to a wide range of channels, including sports, movies, and exclusive original content. Plus, they can stream their favorite shows anytime, anywhere on their favorite devices.

It's the perfect gift for any occasion - birthdays, holidays, or just because. And with our easy-to-use platform, giving the gift of entertainment has never been easier.

Get your DIRECTV Gift Membership today and bring a smile to someone's face. Because nothing says ""I care"" like giving the gift of entertainment!"
raffling_description,Our conditions of participation and data protection information apply (please note that the names of the winners will be published) data protection declaration,"By participating, you agree to our terms and privacy policy. (Winners' names may be shared.) See our privacy policy for details."
raffling_condition_item_1,"The raffle will take place digitally on June 30, 2022 at 2:00 p.m.","Join us for an exciting digital raffle on June 30, 2022, at 2:00 p.m. Don't miss out on your chance to win big!"
raffling_condition_item_2,"At the end of the raffle, 50 Digiturkplay Sports + Family packages will be awarded as a 1-year membership. Membership ends automatically on the expiration date.",Join our raffle for a chance to win one of 50 Digiturkplay Sports + Family packages with a year-long membership. No need to worry about renewing – your membership ends automatically on the expiration date. Enter now for a chance to enjoy top-notch entertainment all year long!
raffling_condition_item_3,Digiturk membership information will be shared by sending information back to the winning members from the contact information provided during raffle registration.,"As a lucky winner, we'll be reaching out to you soon with all the details you need to enjoy your Digiturk membership. Just make sure your contact information is up to date during raffle registration. Congratulations!"
raffling_condition_item_4,The results of the raffle will be announced on Digiturk Euro social media.,Stay tuned on Digiturk Euro's social media to find out who wins the raffle!
raffling_condition_item_5,Winners are exempt from all taxes and other legal fees.,"At DIRECTV, you won't have to worry about paying any taxes or legal fees if you're a lucky winner. Enjoy your prize hassle-free!"
raffling_condition_item_6,Purchased membership cannot be converted to cash or cancelled.,"Once you sign up, your membership is yours to enjoy – no cash refunds or cancellations."
raffling_condition_item_7,Participation in the raffle is only possible with foreign registrations.,Join the raffle by signing up with an international account.
raffling_request_success,Action Success,Get ready to experience non-stop action and entertainment with our robust lineup of channels and streaming options. Say goodbye to boredom and hello to endless excitement with our exclusive content and on-demand features. Take your TV experience to the next level with us.
raffling_request_error,Action Error,"Oops! It looks like there was a little hiccup with your request. Don't worry, we're here to help fix it for you. Just give us a call or chat with one of our friendly team members to get everything back on track. We're all about making sure you have the best experience possible with our service. Let's get things sorted out together!"
raffling_request_success_message,You have successfully entered the raffle with participant number #%d.,Congratulations! Your entry number #%d has been submitted successfully for the raffle.
raffling_request_error_message,"System error, please try again later.",Oops! Looks like we hit a bump in the road. Give it another shot in a few minutes.
raffling_request_already_joined_message,You have already entered the raffle,Great news! You're already in the running for our exciting raffle! Be sure to keep an eye out for updates and announcements – you could be a lucky winner soon!
